TreeDepth,PID,PPID,ImageFileName,Offset(V),Threads,Handles,SessionId,Wow64,CreateTime,ExitTime,File output
0,4,0,System,0xd98df30c24c0,178,-,N/A,False,2018-06-08 00:11:39.000000 ,N/A,Disabled
0,356,4,smss.exe,0xd98df4e56600,3,-,N/A,False,2018-06-08 00:11:40.000000 ,N/A,Disabled
0,468,460,csrss.exe,0xd98df60ef080,12,-,0,False,2018-06-08 00:12:23.000000 ,N/A,Disabled
0,568,460,wininit.exe,0xd98df657c080,2,-,0,False,2018-06-08 00:12:24.000000 ,N/A,Disabled
0,716,568,services.exe,0xd98df65e0080,9,-,0,False,2018-06-08 00:12:24.000000 ,N/A,Disabled
0,744,568,lsass.exe,0xd98df65d7080,8,-,0,False,2018-06-08 00:12:25.000000 ,N/A,Disabled
0,844,716,svchost.exe,0xd98df665a600,2,-,0,False,2018-06-08 00:12:25.000000 ,N/A,Disabled
0,868,716,svchost.exe,0xd98df666c480,26,-,0,False,2018-06-08 00:12:25.000000 ,N/A,Disabled
0,920,716,svchost.exe,0xd98df6594600,12,-,0,False,2018-06-08 00:12:25.000000 ,N/A,Disabled
0,944,568,fontdrvhost.ex,0xd98df6590600,6,-,0,False,2018-06-08 00:12:25.000000 ,N/A,Disabled
0,72,716,svchost.exe,0xd98df658c600,6,-,0,False,2018-06-08 00:12:26.000000 ,N/A,Disabled
0,804,716,svchost.exe,0xd98df6729600,3,-,0,False,2018-06-08 00:12:26.000000 ,N/A,Disabled
0,1056,716,svchost.exe,0xd98df674c600,4,-,0,False,2018-06-08 00:12:26.000000 ,N/A,Disabled
0,1140,716,svchost.exe,0xd98df6774600,6,-,0,False,2018-06-08 00:12:26.000000 ,N/A,Disabled
0,1260,716,svchost.exe,0xd98df6781600,8,-,0,False,2018-06-08 00:12:26.000000 ,N/A,Disabled
0,1288,716,atiesrxx.exe,0xd98df67d5080,6,-,0,False,2018-06-08 00:12:27.000000 ,N/A,Disabled
0,1316,716,svchost.exe,0xd98df67cc600,5,-,0,False,2018-06-08 00:12:27.000000 ,N/A,Disabled
0,1368,716,svchost.exe,0xd98df67e0600,10,-,0,False,2018-06-08 00:12:27.000000 ,N/A,Disabled
0,1412,716,svchost.exe,0xd98df682f600,4,-,0,False,2018-06-08 00:12:27.000000 ,N/A,Disabled
0,1420,716,svchost.exe,0xd98df681b600,6,-,0,False,2018-06-08 00:12:27.000000 ,N/A,Disabled
0,1436,716,svchost.exe,0xd98df6838600,7,-,0,False,2018-06-08 00:12:27.000000 ,N/A,Disabled
0,1532,716,svchost.exe,0xd98df6867600,12,-,0,False,2018-06-08 00:12:27.000000 ,N/A,Disabled
0,1548,716,svchost.exe,0xd98df6887600,4,-,0,False,2018-06-08 00:12:27.000000 ,N/A,Disabled
0,1568,716,svchost.exe,0xd98df6894600,24,-,0,False,2018-06-08 00:12:27.000000 ,N/A,Disabled
0,1644,716,svchost.exe,0xd98df68bb600,5,-,0,False,2018-06-08 00:12:27.000000 ,N/A,Disabled
0,1652,716,svchost.exe,0xd98df68c9600,6,-,0,False,2018-06-08 00:12:27.000000 ,N/A,Disabled
0,1724,716,svchost.exe,0xd98df686a600,14,-,0,False,2018-06-08 00:12:27.000000 ,N/A,Disabled
0,1824,716,svchost.exe,0xd98df691a600,8,-,0,False,2018-06-08 00:12:28.000000 ,N/A,Disabled
0,1872,716,svchost.exe,0xd98df6949600,6,-,0,False,2018-06-08 00:12:28.000000 ,N/A,Disabled
0,1940,716,svchost.exe,0xd98df696a600,11,-,0,False,2018-06-08 00:12:29.000000 ,N/A,Disabled
0,1948,716,svchost.exe,0xd98df698e600,6,-,0,False,2018-06-08 00:12:29.000000 ,N/A,Disabled
0,2036,716,svchost.exe,0xd98df69b2600,5,-,0,False,2018-06-08 00:12:29.000000 ,N/A,Disabled
0,2068,716,svchost.exe,0xd98df6a2c380,15,-,0,False,2018-06-08 00:12:29.000000 ,N/A,Disabled
0,2260,716,svchost.exe,0xd98df6a94600,11,-,0,False,2018-06-08 00:12:31.000000 ,N/A,Disabled
0,2304,716,svchost.exe,0xd98df6aa1600,7,-,0,False,2018-06-08 00:12:32.000000 ,N/A,Disabled
0,2364,716,spoolsv.exe,0xd98df6abe600,14,-,0,False,2018-06-08 00:12:32.000000 ,N/A,Disabled
0,2424,716,svchost.exe,0xd98df6b08600,14,-,0,False,2018-06-08 00:12:33.000000 ,N/A,Disabled
0,2504,716,svchost.exe,0xd98df6b53600,6,-,0,False,2018-06-08 00:12:33.000000 ,N/A,Disabled
0,2656,716,svchost.exe,0xd98df6b61600,5,-,0,False,2018-06-08 00:12:34.000000 ,N/A,Disabled
0,2664,716,svchost.exe,0xd98df6b78600,11,-,0,False,2018-06-08 00:12:34.000000 ,N/A,Disabled
0,2672,716,SynTPEnhServic,0xd98df6bc7600,5,-,0,False,2018-06-08 00:12:34.000000 ,N/A,Disabled
0,2688,716,MsMpEng.exe,0xd98df6bd9600,34,-,0,False,2018-06-08 00:12:35.000000 ,N/A,Disabled
0,2696,716,svchost.exe,0xd98df6bdb600,3,-,0,False,2018-06-08 00:12:35.000000 ,N/A,Disabled
0,2704,716,svchost.exe,0xd98df6bed600,9,-,0,False,2018-06-08 00:12:35.000000 ,N/A,Disabled
0,2712,716,svchost.exe,0xd98df6bef600,6,-,0,False,2018-06-08 00:12:35.000000 ,N/A,Disabled
0,2720,716,svchost.exe,0xd98df6bf1600,8,-,0,False,2018-06-08 00:12:35.000000 ,N/A,Disabled
0,2736,716,svchost.exe,0xd98df6bf7600,14,-,0,False,2018-06-08 00:12:35.000000 ,N/A,Disabled
0,2748,716,svchost.exe,0xd98df6bfc600,15,-,0,False,2018-06-08 00:12:35.000000 ,N/A,Disabled
0,2756,716,svchost.exe,0xd98df6c01600,8,-,0,False,2018-06-08 00:12:35.000000 ,N/A,Disabled
0,2764,716,svchost.exe,0xd98df6c0a600,4,-,0,False,2018-06-08 00:12:35.000000 ,N/A,Disabled
0,2772,716,svchost.exe,0xd98df6c0c600,14,-,0,False,2018-06-08 00:12:35.000000 ,N/A,Disabled
0,2780,716,svchost.exe,0xd98df6c10600,9,-,0,False,2018-06-08 00:12:35.000000 ,N/A,Disabled
0,2792,716,svchost.exe,0xd98df6c12600,7,-,0,False,2018-06-08 00:12:35.000000 ,N/A,Disabled
0,2800,716,SecurityHealth,0xd98df6c114c0,6,-,0,False,2018-06-08 00:12:35.000000 ,N/A,Disabled
0,3052,4,MemCompression,0xd98df6d1e040,22,-,N/A,False,2018-06-08 00:12:35.000000 ,N/A,Disabled
0,2464,716,svchost.exe,0xd98df6d1d600,3,-,0,False,2018-06-08 00:12:35.000000 ,N/A,Disabled
0,2980,2656,dasHost.exe,0xd98df6d92600,7,-,0,False,2018-06-08 00:12:35.000000 ,N/A,Disabled
0,3188,716,svchost.exe,0xd98df6df8600,6,-,0,False,2018-06-08 00:12:35.000000 ,N/A,Disabled
0,3288,716,svchost.exe,0xd98df6dff600,9,-,0,False,2018-06-08 00:12:36.000000 ,N/A,Disabled
0,3400,716,svchost.exe,0xd98df6f24600,15,-,0,False,2018-06-08 00:12:36.000000 ,N/A,Disabled
0,3880,716,svchost.exe,0xd98df713d600,3,-,0,False,2018-06-08 00:12:39.000000 ,N/A,Disabled
0,3888,716,svchost.exe,0xd98df70de600,13,-,0,False,2018-06-08 00:12:39.000000 ,N/A,Disabled
0,3972,716,svchost.exe,0xd98df719b4c0,24,-,0,False,2018-06-08 00:12:40.000000 ,N/A,Disabled
0,2828,716,svchost.exe,0xd98df59cb600,5,-,0,False,2018-06-08 00:12:43.000000 ,N/A,Disabled
0,4108,716,svchost.exe,0xd98df73ac080,4,-,0,False,2018-06-08 00:12:43.000000 ,N/A,Disabled
0,4264,716,svchost.exe,0xd98df7406600,5,-,0,False,2018-06-08 00:12:45.000000 ,N/A,Disabled
0,4504,716,svchost.exe,0xd98df74fc080,22,-,0,False,2018-06-08 00:12:48.000000 ,N/A,Disabled
0,5020,716,NisSrv.exe,0xd98df337d600,7,-,0,False,2018-06-08 00:13:09.000000 ,N/A,Disabled
0,3448,716,svchost.exe,0xd98df5cf5600,8,-,0,False,2018-06-08 00:13:27.000000 ,N/A,Disabled
0,2988,716,svchost.exe,0xd98df5ce9600,41,-,0,False,2018-06-08 00:13:27.000000 ,N/A,Disabled
0,4660,716,svchost.exe,0xd98df3e5b600,8,-,0,False,2018-06-08 00:14:28.000000 ,N/A,Disabled
0,5648,716,svchost.exe,0xd98df5244600,3,-,0,False,2018-06-08 00:14:30.000000 ,N/A,Disabled
0,5932,5480,GoogleCrashHan,0xd98df53cd600,5,-,0,True,2018-06-08 00:14:30.000000 ,N/A,Disabled
0,5764,716,svchost.exe,0xd98df5caa080,19,-,0,False,2018-06-08 00:14:37.000000 ,N/A,Disabled
0,5940,5480,GoogleCrashHan,0xd98df5242600,4,-,0,False,2018-06-08 00:14:37.000000 ,N/A,Disabled
0,2872,716,svchost.exe,0xd98df5227600,6,-,0,False,2018-06-08 00:14:43.000000 ,N/A,Disabled
0,5380,716,SearchIndexer.,0xd98df5ca4600,36,-,0,False,2018-06-08 00:14:44.000000 ,N/A,Disabled
0,7324,716,svchost.exe,0xd98df759c600,3,-,0,False,2018-06-08 00:17:13.000000 ,N/A,Disabled
0,7812,716,svchost.exe,0xd98df3827080,12,-,0,False,2018-06-08 00:22:36.000000 ,N/A,Disabled
0,7944,716,svchost.exe,0xd98df5cee600,4,-,0,False,2018-06-08 00:22:37.000000 ,N/A,Disabled
0,6920,356,smss.exe,0xd98df7ba4080,0,-,2,False,2018-06-08 00:26:24.000000 ,2018-06-08 00:26:24.000000 ,Disabled
0,9312,6920,csrss.exe,0xd98df3dd9080,14,-,2,False,2018-06-08 00:26:24.000000 ,N/A,Disabled
0,3376,6920,winlogon.exe,0xd98df3c4c600,6,-,2,False,2018-06-08 00:26:24.000000 ,N/A,Disabled
0,2932,3376,fontdrvhost.ex,0xd98df67a0080,5,-,2,False,2018-06-08 00:26:24.000000 ,N/A,Disabled
0,6976,3376,dwm.exe,0xd98df6263080,10,-,2,False,2018-06-08 00:26:24.000000 ,N/A,Disabled
0,9336,1288,atieclxx.exe,0xd98df3895080,9,-,2,False,2018-06-08 00:26:27.000000 ,N/A,Disabled
0,9932,1568,remsh.exe,0xd98df641d080,6,-,0,False,2018-06-21 06:00:29.000000 ,N/A,Disabled
0,9200,716,svchost.exe,0xd98df6426600,9,-,0,False,2018-06-21 06:00:30.000000 ,N/A,Disabled
0,2192,2672,SynTPEnh.exe,0xd98df8649340,10,-,2,False,2018-06-21 06:35:49.000000 ,N/A,Disabled
0,2388,2192,SynTPEnh.exe,0xd98df3af8080,0,-,2,False,2018-06-21 06:35:50.000000 ,2018-06-21 06:35:56.000000 ,Disabled
0,3560,716,svchost.exe,0xd98df3d56600,10,-,2,False,2018-06-21 06:35:50.000000 ,N/A,Disabled
0,3752,1872,sihost.exe,0xd98df62f5600,21,-,2,False,2018-06-21 06:35:50.000000 ,N/A,Disabled
0,3540,716,svchost.exe,0xd98df42b0080,26,-,2,False,2018-06-21 06:35:50.000000 ,N/A,Disabled
0,7300,3376,userinit.exe,0xd98df69ad280,0,-,2,False,2018-06-21 06:35:52.000000 ,2018-06-21 06:36:20.000000 ,Disabled
0,7048,1568,taskhostw.exe,0xd98df7e11080,19,-,2,False,2018-06-21 06:35:53.000000 ,N/A,Disabled
0,7688,7300,explorer.exe,0xd98df6b162c0,91,-,2,False,2018-06-21 06:35:53.000000 ,N/A,Disabled
0,7736,2388,SynTPHelper.ex,0xd98dfa4ee600,2,-,2,False,2018-06-21 06:35:55.000000 ,N/A,Disabled
0,5368,868,SearchUI.exe,0xd98df97b9600,31,-,2,False,2018-06-21 06:35:59.000000 ,N/A,Disabled
0,7004,868,ShellExperienc,0xd98df4229600,30,-,2,False,2018-06-21 06:35:59.000000 ,N/A,Disabled
0,7220,868,RuntimeBroker.,0xd98df86c7240,43,-,2,False,2018-06-21 06:36:00.000000 ,N/A,Disabled
0,9788,868,SkypeHost.exe,0xd98df8760080,11,-,2,False,2018-06-21 06:36:04.000000 ,N/A,Disabled
0,2820,7688,MSASCuiL.exe,0xd98df4b61080,3,-,2,False,2018-06-21 06:36:16.000000 ,N/A,Disabled
0,4444,10208,MOM.exe,0xd98df5f67080,19,-,2,False,2018-06-21 06:36:28.000000 ,N/A,Disabled
0,880,4444,CCC.exe,0xd98df8be8600,26,-,2,False,2018-06-21 06:36:42.000000 ,N/A,Disabled
0,7764,716,svchost.exe,0xd98df8f9c600,11,-,0,False,2018-06-21 06:36:45.000000 ,N/A,Disabled
0,5520,716,svchost.exe,0xd98df3984600,3,-,0,False,2018-06-21 06:36:48.000000 ,N/A,Disabled
0,7496,716,svchost.exe,0xd98df5c59200,8,-,2,False,2018-06-21 06:37:52.000000 ,N/A,Disabled
0,4428,3236,OneDrive.exe,0xd98df47fd400,12,-,2,True,2018-06-21 06:39:27.000000 ,N/A,Disabled
0,6624,1596,software_repor,0xd98df63582c0,11,-,2,False,2018-06-21 06:39:48.000000 ,N/A,Disabled
0,6620,6624,software_repor,0xd98df8800080,8,-,2,False,2018-06-21 06:39:48.000000 ,N/A,Disabled
0,6708,6624,software_repor,0xd98df9d45600,5,-,2,False,2018-06-21 06:39:49.000000 ,N/A,Disabled
0,6512,868,InstallAgent.e,0xd98dfa3dd600,12,-,2,False,2018-06-21 06:40:53.000000 ,N/A,Disabled
0,7876,868,InstallAgentUs,0xd98df9992600,12,-,2,False,2018-06-21 06:40:56.000000 ,N/A,Disabled
0,7380,716,svchost.exe,0xd98df9421080,8,-,0,False,2018-06-21 06:41:21.000000 ,N/A,Disabled
0,7252,1568,taskhostw.exe,0xd98df8584480,9,-,0,False,2018-06-21 06:43:12.000000 ,N/A,Disabled
0,1048,5468,mcbuilder.exe,0xd98df994a600,3,-,0,False,2018-06-21 06:43:17.000000 ,N/A,Disabled
0,3156,716,svchost.exe,0xd98df8791600,6,-,0,False,2018-06-21 06:43:18.000000 ,N/A,Disabled
0,9324,1048,conhost.exe,0xd98df99f7080,3,-,0,False,2018-06-21 06:43:19.000000 ,N/A,Disabled
0,6492,7252,ngentask.exe,0xd98df7bd0080,7,-,0,True,2018-06-21 06:43:20.000000 ,N/A,Disabled
0,1336,7252,ngentask.exe,0xd98df929e3c0,7,-,0,False,2018-06-21 06:43:20.000000 ,N/A,Disabled
0,8648,1336,conhost.exe,0xd98df958a600,6,-,0,False,2018-06-21 06:43:29.000000 ,N/A,Disabled
0,2120,6492,conhost.exe,0xd98df80ec080,5,-,0,False,2018-06-21 06:43:30.000000 ,N/A,Disabled
0,9756,1336,ngen.exe,0xd98df4652080,6,-,0,False,2018-06-21 06:43:32.000000 ,N/A,Disabled
0,5684,6492,ngen.exe,0xd98df41a8600,3,-,0,True,2018-06-21 06:42:33.000000 ,N/A,Disabled
0,428,716,svchost.exe,0xd98df8831080,5,-,0,False,2018-06-21 06:46:12.000000 ,N/A,Disabled
0,9888,716,svchost.exe,0xd98df64f3400,10,-,0,False,2018-06-21 06:46:12.000000 ,N/A,Disabled
0,4596,1824,audiodg.exe,0xd98df5f48600,6,-,0,False,2018-06-21 06:46:18.000000 ,N/A,Disabled
0,9660,716,svchost.exe,0xd98df95d32c0,34,-,0,False,2018-06-21 06:47:06.000000 ,N/A,Disabled
0,1168,5380,SearchProtocol,0xd98dfa893600,6,-,0,False,2018-06-21 06:47:33.000000 ,N/A,Disabled
0,8892,5352,osf64.exe,0xd98df480e080,30,-,2,False,2018-06-21 06:49:21.000000 ,N/A,Disabled
0,7080,868,WmiPrvSE.exe,0xd98df6361600,8,-,0,False,2018-06-21 06:49:23.000000 ,N/A,Disabled
0,3672,2664,CompatTelRunne,0xd98df3ab8600,6,-,0,False,2018-06-21 06:49:57.000000 ,N/A,Disabled
0,1612,3672,conhost.exe,0xd98df91ce080,3,-,0,False,2018-06-21 06:49:57.000000 ,N/A,Disabled
0,8704,716,svchost.exe,0xd98df5f05600,7,-,0,False,2018-06-21 06:50:05.000000 ,N/A,Disabled
0,7776,716,svchost.exe,0xd98df80cf2c0,4,-,0,False,2018-06-21 06:51:28.000000 ,N/A,Disabled
0,9628,7324,WUDFHost.exe,0xd98df5c58080,9,-,0,False,2018-06-21 06:51:30.000000 ,N/A,Disabled
0,9160,716,TrustedInstall,0xd98df503a080,8,-,0,False,2018-06-21 06:51:57.000000 ,N/A,Disabled
0,10084,868,SystemSettings,0xd98df7cbe380,51,-,2,False,2018-06-21 06:36:42.000000 ,N/A,Disabled

